{"cameraMode":{"drawMode":0,"name":"Shaded","section":"Shading Mode"},"sceneLighting":true,"audioPlay":false,"sceneViewState":{"m_AlwaysRefresh":false,"showFog":true,"showSkybox":true,"showFlares":true,"showImageEffects":true,"showParticleSystems":true,"showVisualEffectGraphs":true,"m_FxEnabled":true},"in2DMode":false,"pivot":{"x":7.0014166831970219,"y":12.336517333984375,"z":-9.181005477905274},"rotation":{"x":-0.006716069765388966,"y":0.5107741951942444,"z":-0.003985622897744179,"w":-0.8596920371055603},"size":7.428168773651123,"orthographic":false}